Rk,Team,Age,W,L,PW,PL,MOV,SOS,SRS,ORtg,DRtg,NRtg,Pace,FTr,3PAr,TS%,Unnamed: 17_level_1,eFG%,TOV%,ORB%,FT/FGA,Unnamed: 22_level_1,eFG%,TOV%,DRB%,FT/FGA,Unnamed: 27_level_1,Arena,Attend.,Attend./G
1.0,Oklahoma City Thunder*,25.2,58.0,16.0,59,15,11.07,-0.32,10.75,118.5,107.5,11.0,99.4,0.265,0.424,0.597,,0.558,11.2,22.1,0.217,,0.516,14.6,74.4,0.188,,Paycom Center,673827,18203
2.0,San Antonio Spurs*,25.4,56.0,18.0,54,20,8.14,0.01,8.15,119.1,111.0,8.1,100.1,0.277,0.424,0.594,,0.558,11.9,26.0,0.217,,0.522,11.6,77.5,0.182,,Frost Bank Center,649817,18709
3.0,Detroit Pistons*,26.1,54.0,20.0,54,20,8.03,-0.75,7.28,117.6,109.5,8.1,99.4,0.292,0.345,0.579,,0.543,12.9,30.8,0.223,,0.516,14.9,74.0,0.252,,Little Caesars Arena,746381,19622
4.0,Boston Celtics,26.9,49.0,24.0,52,21,7.21,-0.52,6.69,120.2,112.6,7.6,94.7,0.207,0.467,0.578,,0.547,11.1,29.4,0.167,,0.521,11.4,75.6,0.192,,TD Garden,708772,19156
5.0,New York Knicks,28.2,48.0,26.0,51,23,6.54,-0.61,5.93,119.7,113.1,6.6,97.3,0.239,0.429,0.589,,0.556,12.1,29.3,0.189,,0.539,13.0,77.0,0.206,,Madison Square Garden (IV),712810,19800
6.0,Charlotte Hornets,24.0,39.0,35.0,47,27,4.59,-0.57,4.03,119.2,114.5,4.7,97.1,0.249,0.483,0.589,,0.552,13.6,30.5,0.203,,0.54,11.5,76.8,0.189,,Spectrum Center,688881,18618
7.0,Denver Nuggets,27.8,47.0,28.0,47,28,4.43,-0.32,4.11,122.0,117.5,4.5,98.4,0.302,0.407,0.615,,0.575,11.6,23.3,0.243,,0.544,10.4,75.2,0.198,,Ball Arena,713627,19823
8.0,Cleveland Cavaliers,27.1,46.0,28.0,46,28,4.23,-0.04,4.19,119.0,114.8,4.2,99.9,0.263,0.445,0.593,,0.559,12.2,26.8,0.204,,0.542,13.3,74.1,0.212,,Rocket Arena,738416,19432
9.0,Houston Rockets,26.5,44.0,29.0,45,28,3.92,-0.17,3.75,117.4,113.3,4.1,96.0,0.262,0.346,0.572,,0.538,13.7,34.9,0.199,,0.531,12.1,74.2,0.189,,Toyota Center,631990,18057
10.0,Minnesota Timberwolves,27.9,45.0,29.0,45,29,3.49,-0.26,3.23,116.7,113.2,3.5,100.4,0.29,0.42,0.592,,0.558,13.0,26.1,0.218,,0.529,12.9,74.1,0.217,,Target Center,675531,17321
11.0,Miami Heat,26.3,39.0,35.0,43,31,2.58,0.25,2.83,115.9,113.4,2.5,103.6,0.271,0.404,0.576,,0.537,11.7,25.4,0.215,,0.536,13.1,74.8,0.197,,Kaseya Center,728778,19697
12.0,Los Angeles Lakers,28.1,48.0,26.0,41,33,1.73,-0.1,1.63,118.3,116.5,1.8,98.5,0.32,0.399,0.609,,0.572,13.1,24.0,0.245,,0.557,13.1,74.5,0.193,,Crypto.com Arena,678268,18841
13.0,Atlanta Hawks,25.2,42.0,33.0,42,33,1.84,-0.22,1.62,115.9,114.1,1.8,101.6,0.235,0.43,0.583,,0.552,12.3,24.1,0.183,,0.547,13.9,74.1,0.206,,State Farm Arena,618730,16282
14.0,Toronto Raptors,24.8,41.0,32.0,40,33,1.68,-0.12,1.57,115.1,113.4,1.7,98.4,0.259,0.37,0.576,,0.541,12.2,25.6,0.201,,0.541,14.1,73.9,0.221,,Scotiabank Arena,678297,18842
15.0,Phoenix Suns,26.8,41.0,33.0,41,33,1.53,0.21,1.74,115.6,114.1,1.5,97.0,0.226,0.456,0.569,,0.537,12.7,28.9,0.177,,0.542,14.5,71.7,0.218,,Mortgage Matchup Center,648698,16633
16.0,Los Angeles Clippers,30.2,38.0,36.0,40,34,1.32,-0.12,1.21,117.4,116.0,1.4,96.4,0.3,0.405,0.603,,0.559,13.2,23.8,0.247,,0.545,12.8,73.1,0.195,,Intuit Dome,632869,17580
17.0,Orlando Magic,24.7,39.0,34.0,39,34,0.92,0.07,0.99,115.6,114.7,0.9,99.3,0.305,0.388,0.577,,0.531,12.0,25.0,0.245,,0.545,13.0,75.3,0.222,,Kia Center,694542,18447
18.0,Golden State Warriors,28.6,36.0,38.0,38,36,0.28,0.15,0.44,115.1,114.8,0.3,99.4,0.237,0.502,0.584,,0.55,13.8,25.9,0.19,,0.549,14.0,72.8,0.2,,Chase Center,650304,18064
19.0,Philadelphia 76ers,25.4,41.0,33.0,36,38,-0.31,-0.12,-0.43,115.6,115.9,-0.3,99.4,0.279,0.394,0.573,,0.531,11.9,26.3,0.225,,0.544,13.5,72.4,0.216,,Xfinity Mobile Arena,720922,18972
20.0,Portland Trail Blazers,25.2,37.0,38.0,35,40,-1.28,0.2,-1.08,113.9,115.2,-1.3,100.9,0.283,0.467,0.569,,0.532,14.7,31.2,0.216,,0.543,13.4,72.7,0.215,,Moda Center,609541,16474
21.0,Memphis Grizzlies,24.8,25.0,49.0,28,46,-4.03,0.03,-4.0,113.4,117.4,-4.0,101.2,0.255,0.429,0.571,,0.534,13.0,25.2,0.202,,0.556,13.4,71.7,0.205,,FedExForum,568624,15283
22.0,New Orleans Pelicans,24.2,25.0,50.0,29,46,-4.05,0.33,-3.73,114.5,118.5,-4.0,100.0,0.281,0.359,0.568,,0.528,12.3,27.2,0.22,,0.554,12.5,71.5,0.199,,Smoothie King Center,626149,16478
23.0,Chicago Bulls,25.4,29.0,45.0,27,47,-4.59,0.35,-4.25,113.3,117.8,-4.5,102.3,0.244,0.446,0.582,,0.55,13.2,23.1,0.191,,0.551,10.9,75.9,0.19,,United Center,766222,20164
24.0,Dallas Mavericks,26.4,24.0,50.0,26,48,-5.09,0.14,-4.96,111.0,116.0,-5.0,101.5,0.286,0.351,0.566,,0.53,12.9,23.0,0.213,,0.543,11.4,73.9,0.18,,American Airlines Center,711381,19227
25.0,Milwaukee Bucks,27.1,29.0,44.0,23,50,-6.33,0.2,-6.13,112.6,119.0,-6.4,97.7,0.223,0.448,0.587,,0.563,13.7,20.7,0.163,,0.557,11.8,74.1,0.213,,Fiserv Forum,598921,16637
26.0,Utah Jazz,24.1,21.0,54.0,21,54,-8.04,0.2,-7.84,114.4,122.2,-7.8,101.8,0.283,0.409,0.577,,0.537,13.3,26.2,0.225,,0.576,12.4,72.6,0.23,,Delta Center,691068,18186
27.0,Indiana Pacers,26.1,16.0,58.0,19,55,-8.74,0.3,-8.44,110.5,119.2,-8.7,100.8,0.258,0.419,0.565,,0.53,12.7,21.9,0.199,,0.557,11.8,73.9,0.225,,Gainbridge Fieldhouse,614128,16598
28.0,Brooklyn Nets,23.4,17.0,57.0,17,57,-9.49,0.73,-8.76,109.0,118.8,-9.8,97.0,0.273,0.457,0.56,,0.521,14.4,24.3,0.212,,0.568,13.1,74.0,0.229,,Barclays Center,609134,17404
29.0,Sacramento Kings,28.6,19.0,56.0,17,58,-10.33,0.62,-9.72,111.1,121.4,-10.3,99.4,0.253,0.336,0.559,,0.523,12.5,25.3,0.196,,0.571,12.3,73.3,0.216,,Golden 1 Center,613124,16135
30.0,Washington Wizards,23.5,17.0,56.0,16,57,-11.04,0.45,-10.59,111.2,122.1,-10.9,101.2,0.235,0.406,0.568,,0.536,13.6,24.3,0.18,,0.556,11.6,70.0,0.231,,Capital One Arena,593943,16053
,League Average,26.2,,,37,37,0.0,0.0,0.0,115.6,115.6,,99.3,0.265,0.415,0.581,,0.545,12.7,26.0,0.207,,0.545,12.7,74.0,0.207,,,666457,18018
